DATE,Food,Smoke,Drugs,MedEq,Telcm
192607,0.12,1.29,0.91,4.95,0.83
192608,2.68,6.5,4.26,4.2,2.17
192609,1.58,1.26,-0.26,4.02,2.41
192610,-3.68,1.06,-1.76,3.47,-0.11
192611,6.26,4.55,5.76,4.33,1.63
192612,0.18,2.55,1.15,-3.28,1.99
192701,-0.16,-0.35,4.93,5.45,1.88
192702,3.66,1.49,0.68,5.19,3.97
192703,2.74,5.51,0.93,1.25,5.56
192704,2.1,4.01,3.69,-0.37,-2.13
192705,6.62,11.8,3.6,5.88,3.35
192706,-1.94,-2.3,-0.39,3.68,-2.14
192707,4.83,4.39,9.33,11.44,3.73
192708,2.4,3.83,1.09,-2.24,0.43
192709,5.77,4.63,4.7,8.71,6.53
192710,-1.75,-0.32,6.11,2.04,-2.09
192711,7.31,6.69,4.45,1.19,2.83
192712,4.42,1.03,-0.54,-0.2,1.33
192801,3.4,-2.56,2.5,3.34,0.3
192802,-3.58,-5.97,-1.25,-1.82,-0.3
192803,5.77,2.34,10.76,10.07,1.96
192804,3.24,-5.95,0.81,5.67,3.22
192805,2.02,-0.03,11.39,4.95,6.61
192806,-4.25,-4.3,-3.74,-1.88,-5.22
192807,1.27,3.35,3.62,-1.28,-1.28
192808,8.79,3.79,16.56,8.35,4.55
192809,2.12,-0.39,-3.58,7.06,0.15
192810,-1.19,3.44,0.28,-0.65,2.97
192811,7.34,6.79,5.86,2.57,6.68
192812,0.82,-1.92,0.01,-1.73,-0.38
192901,2.34,3.79,3.05,4.6,13.38
192902,-2.89,-4.64,-0.71,2.37,-1.15
192903,-3.65,-4.19,-2.47,1.4,4.29
192904,5.24,-2.41,1.43,1.64,3.39
192905,-4.88,-0.21,-7.06,-10.09,-8.77
192906,9.48,-0.13,2.71,9.93,13.7
192907,5.09,2.05,3.34,1.09,13.68
192908,4.46,8.29,5.5,-1.86,10.98
192909,-2.64,-7.62,-7.35,-6.31,-1.37
192910,-16,2.32,-19.1,-15.64,-15.39
192911,-9.79,-6.2,-7.77,-8.19,-9.47
192912,0.47,2.72,1.34,0.62,1.01
193001,5.74,8.56,1.64,4.49,1.2
193002,0.92,5.52,1.22,7.18,7.06
193003,1.13,4.3,6.06,5.8,8.79
193004,3.16,-2.88,1.67,-9.23,-4.52
193005,2.31,1.86,-0.24,-5.28,0.4
193006,-12.14,-8.86,-12.81,-14.78,-8.34
193007,3.41,2.93,4.97,12.63,1.27
193008,1.66,4.62,9.48,1.21,1.74
193009,-9.9,-8.78,-9.3,-6.33,-5.27
193010,-3.91,-4.74,-4.91,-2.28,-4.12
193011,0.91,-0.93,-2.7,-5.21,-3.27
193012,-3.44,-3.11,-7.96,-2.32,-3.8
193101,4.89,6.43,7.78,9.92,4.79
193102,6.61,6.94,9.49,1.76,5.95
193103,-1.97,0.22,2.27,-0.02,-3.58
193104,-8.89,2.69,-2.92,-6.43,-4.25
193105,-12.61,-11.13,-8.23,-18.72,-8.94
193106,10.74,12.63,9.13,12.29,10.21
193107,-4.31,-3.49,4.24,-6.39,-4.87
193108,1.85,-3.51,-0.45,5.52,0.82
193109,-27.87,-21.7,-30.06,-25.97,-21.56
193110,11.74,6.08,10.27,16.81,4.34
193111,-2.71,-6.1,-1.61,-8.99,-6.86
193112,-10.02,-6.26,-4.1,-4.07,-7.94
193201,-1.01,8.17,-3.28,0.94,-4.04
193202,6.73,3.28,4.24,-10.12,11.63
193203,-6.82,-4.51,-7.25,-1.05,-9.9
193204,-12.89,-9.89,-19.65,-20.48,-12.39
193205,-22.34,-21.45,-35.47,-25.4,-10.81
193206,-0.61,5.85,8.84,22.61,-9.55
193207,28.25,24.67,31.79,16.25,16.7
193208,24.24,17.6,37.71,25.6,28.17
193209,-0.33,0.11,-13.57,-1.97,0.24
193210,-8.97,-13.98,-19.32,-14.39,-8.13
193211,-7.43,-8.34,6.74,-0.7,-1.12
193212,6.85,0.91,9.73,-8.74,3.67
193301,-0.29,11.41,-1.62,2.11,0.31
193302,-9.63,-8.55,-9.6,-18.56,-7.77
193303,11.18,7.93,-4.81,8.21,-5.85
193304,32.63,33.04,39.5,22.12,13.22
193305,11.04,9.18,25.09,11.95,17.37
193306,12.67,4.72,10.55,9.08,10.5
193307,-8.08,-2.1,-19.9,-12.46,-4.36
193308,8.06,10.17,-0.15,-2.14,4.53
193309,-8.4,-3.7,-1.24,-1.84,-3.56
193310,-8.78,-11.6,-5.75,-8.22,-7.18
193311,5.48,4.45,9.63,7.49,5.63
193312,-2.89,-4.87,-10.59,-21.04,-3.75
193401,10.34,6.46,15.36,30.28,5.97
193402,-7.11,-3.1,-3.13,-7.52,2.12
193403,1.94,-0.58,-0.81,0.87,1.27
193404,2.68,4.17,9,-0.83,-1.25
193405,-4.39,1.4,0.02,-4.22,-4.3
193406,3.7,5.17,2.08,1.66,1.32
193407,-5.26,-0.9,-1.6,-4.92,-4.34
193408,3.74,3.63,-3.05,-3.05,2.56
193409,-2.02,2.62,0.45,4.4,1.9
193410,-0.42,2.87,-1.33,5.72,-1.56
193411,7.72,9.02,3.58,8.79,-1.73
193412,-0.57,-2.9,0.68,0.11,-0.59
193501,-0.01,-2.19,-1.06,1.04,-0.46
193502,1.96,0.79,4.73,-0.06,1.04
193503,-4.62,-5.89,-3.4,-0.77,-0.72
193504,3.87,9.02,4.05,-4.97,9.13
193505,0.44,2.18,-4.81,4.02,8.38
193506,7.15,4.4,3.88,6.06,5.35
193507,1.59,7.56,4.8,-11.84,5.74
193508,-3.63,-0.07,-0.17,5.3,4.07
193509,1.65,1.54,1.4,-1.91,4.28
193510,6.28,1.58,6.02,5.41,3.11
193511,2.29,-0.5,1.79,1.19,9.72
193512,4.59,-0.35,2.49,0.85,-0.16
193601,2.35,3.34,3.34,4.83,4.17
193602,3.16,-3.25,3.01,8.32,6.57
193603,-1.4,-4.1,3.84,0.18,-3.37
193604,-4.57,-2.55,-8.72,-14.44,-5.66
193605,5.63,4.72,4.88,3.9,6.46
193606,3.21,2.69,1.6,-2.33,2.43
193607,1.9,3.05,5.39,-12.2,2.44
193608,1.4,0.01,-1.57,1.07,1.76
193609,-0.89,-0.78,0.73,2.11,0.33
193610,4.21,1.27,3.77,4.14,5.09
193611,4.42,3.23,3.32,5.46,3.87
193612,-0.71,-2.85,-1.92,-5.18,-0.4
193701,2.58,2.64,3.01,15.87,-0.85
193702,2.52,-1.88,-4.13,6.13,-3.06
193703,1.88,-6.73,-5.03,-5.06,-2.09
193704,-7.46,-4.14,-3.38,-1.98,-5.25
193705,-0.2,0.03,1.86,-2.16,1.53
193706,-2.92,-1.77,-3.93,-8.41,1.39
193707,3.7,7.16,4.05,5.87,3.27
193708,-1.96,-2.18,1.49,-6.34,-2.54
193709,-11.13,-3.86,-10.81,-9.81,-2.1
193710,-7.26,-4.41,-3.58,-2.99,-5.36
193711,-5.02,-4.76,-5,-7.5,-3.59
193712,-2.99,-0.63,-1.55,-20.02,-1.54
193801,3.52,0.49,3.44,5.4,-2.43
193802,4.38,1.59,8.99,-0.97,-2.32
193803,-16.04,-12.31,-14.23,-20.46,-17.44
193804,13.1,10.13,11.63,17.66,13.47
193805,-0.3,1.65,1.74,0.94,0.83
193806,12.89,11.36,9.79,18.22,12.42
193807,5.13,7.69,5.72,8.06,1.28
193808,-4.47,-2.15,0.51,-3.72,0.28
193809,-0.28,1.34,0.1,-3.27,0.85
193810,5.25,3.77,5.31,14.81,3.56
193811,-2.63,-1.19,1.5,-0.12,0.65
193812,2.56,2.9,0.95,-1.71,2.57
193901,-2.01,-1.84,-0.87,-3.3,1.81
193902,3.42,-0.35,3.82,0.93,3.53
193903,-5.64,-4.13,-4.32,-4.58,-2.21
193904,1.25,-0.73,0.96,2.18,2.75
193905,6.29,4.03,5.44,7,5.56
193906,-3.16,-0.08,1.29,-4.48,-3.79
193907,6.94,3.79,3.05,4.1,6.51
193908,-7.37,-6.51,-5.22,-12.29,-4.19
193909,5.02,-3.03,7,9.49,2.37
193910,3,5.8,0.01,7,3.05
193911,-0.62,1.75,1.33,-2,0.97
193912,2.77,4.83,3.91,-0.94,2.87
194001,2.07,2.33,-1.88,1.42,-0.12
194002,0.84,1.81,1.55,-0.59,1.04
194003,2.41,0.63,1.83,4.28,1.16
194004,1.59,2.15,-0.32,-0.14,0.33
194005,-22.15,-17.72,-21.36,-16.08,-14.13
194006,5.32,5.95,5.12,-1.53,8.72
194007,0.56,-1.64,-0.55,0.49,1.97
194008,1.11,1.23,-2.31,-1.44,-0.36
194009,1.89,2.38,4.67,2.62,1.66
194010,-1.28,-3.24,-3.14,1.95,1.61
194011,-0.87,-2.51,-1.93,1.86,0.61
194012,0.91,0.62,-0.23,-0.28,2.04
194101,-1,1.16,-2.52,8.5,-2.1
194102,-2.82,-2.32,-4.74,-3.33,-2.23
194103,2.25,-2.76,1.72,3.37,1.78
194104,-4.13,-3.84,-5.36,-1.43,-6.35
194105,-0.53,-2.97,-1.61,3.05,0.4
194106,3.83,10.15,6.87,2.76,5.04
194107,6.2,2.67,7.74,16,-0.38
194108,1.36,-0.74,0.14,-1.45,1.06
194109,2.84,0.46,-0.2,-0.41,0.25
194110,-4.64,-13.04,-3.73,-2.5,-2.72
194111,-1.17,-9.61,-3.02,-0.56,-4.03
194112,-5.51,-0.93,-1.33,-8.16,-8.59
194201,0.48,6.78,-3.43,9.44,-1.37
194202,-5.81,-4.3,-5.52,-1.29,-0.57
194203,-8.08,-13.19,-5.86,1.96,-6.91
194204,-2.09,-5.45,-4.52,-2.91,-7.32
194205,7.86,13.12,15.27,2.04,7.72
194206,4.78,2.12,2.82,3.79,-2.23
194207,1.72,1.96,1.42,6.14,4.48
194208,1.87,-2.4,1.95,14.35,2.49
194209,0.87,-3.52,0.24,0.65,2.04
194210,4.49,5.45,3.91,9.27,6.19
194211,4.32,-1.25,1.61,1.01,2.63
194212,3.35,6.25,8.86,5.25,0.35
194301,8.71,12.28,1.9,15.14,3.78
194302,4.39,0.34,3.94,-2.2,8.81
194303,4.57,2.97,4.1,14.34,0.62
194304,1.24,1.12,0.97,9.55,4.16
194305,6.38,6.32,4.95,8.41,4.57
194306,1.08,1.95,0.47,1.03,2.27
194307,0.43,-3.92,-2.93,-8.94,-0.18
194308,0.39,1.04,0.39,-2.14,0.91
194309,1.89,2.19,3.86,7.03,1.45
194310,-0.22,-2.11,0.5,1.88,0.73
194311,-4.27,-6.13,-3.95,-3.59,-1.74
194312,5.26,6.2,3.42,13.22,3.14
194401,3.25,6.66,0.27,0.56,0.86
194402,-0.15,-1.17,-2.59,-3.49,0.88
194403,2.34,2.39,2.41,3.29,0.74
194404,-2.6,-0.61,-2.35,-2.43,-0.57
194405,5.16,5.19,5.71,5.07,2.83
194406,4.69,8.29,3.85,3.84,3.21
194407,0.24,-0.51,-1.39,1.46,-0.37
194408,2.07,2.59,1.01,-3.67,0.67
194409,0.99,-4.61,0.27,3.4,0.27
194410,0.23,-0.32,1.25,-1.83,0.75
194411,1.63,-0.2,0.28,4.96,0.7
194412,2.14,0.51,1.48,5.72,0.72
194501,2.75,2.51,0.07,9.11,-2.11
194502,2.49,6.51,4.43,1.33,2.85
194503,-2.97,-3.51,-1.81,-1.99,-0.11
194504,5.65,7.82,6.39,5.29,2.51
194505,2.32,2.42,4.3,0.93,3.76
194506,-0.05,0.35,-4.89,-0.56,2.62
194507,-1.43,-0.19,-1.64,-1.4,2.18
194508,6.44,10.73,10.04,1.87,1.74
194509,7.97,1.26,6.16,9.76,1.9
194510,6.59,0.33,6.88,4.24,2.36
194511,3.47,3,8.07,13.35,3.39
194512,0.03,-1.91,1.1,5.32,0.48
194601,5.58,0.6,7.51,9.81,1.91
194602,-3.91,-5.2,-4.14,-5.67,-2.82
194603,4.4,8.57,15.77,4.52,1.16
194604,1.74,3.89,15.06,11.01,1.59
194605,1.65,3.29,5.28,9.13,2.82
194606,-4.2,-4.75,-5.38,-6.81,0.3
194607,-0.51,-0.76,-3.04,-5.08,-0.08
194608,-5.15,-3.97,-3.04,-5.25,-7
194609,-8.85,-11.17,-6.54,-12.23,-4.74
194610,0.34,4.69,-0.03,-2.58,-5.13
194611,-0.48,0.54,1.45,4.2,1.79
194612,3.27,4.22,7.04,9.31,3.77
194701,1.19,1.97,-5.45,-3.88,1.03
194702,0.57,-4.8,-4.51,-0.74,-2.05
194703,-1.52,-2.73,-2.15,7.89,-2.15
194704,-5.44,-8.32,-8.24,-11.97,-0.22
194705,-0.54,3.6,-2.43,-5.11,-1.1
194706,5.14,5.6,3.91,6.91,-3.17
194707,4.93,3.48,2.62,2.39,0.81
194708,-0.98,-2.49,-3.22,-9.95,0.36
194709,-1.02,-0.69,-2.12,-7.97,0.84
194710,2.37,-1.56,0.54,8.93,0.21
194711,-2.63,0.86,-3.07,-2.73,-2.57
194712,0.19,1.08,3.99,-6.17,0.44
194801,-2.55,-1.61,-8.51,-4.99,0.1
194802,-7.18,-2.46,-2.98,-9.67,-1.06
194803,5.68,-1.71,5.75,13.22,1.95
194804,1.34,-0.89,1.99,3.81,2.65
194805,4.22,2.87,6.64,8.33,2.49
194806,-1.1,-1.59,-2.73,3.56,0.44
194807,-3.5,4.37,-3.92,-7.64,-1.65
194808,-0.5,1.9,-1.89,-2.04,0.06
194809,-4.45,-3.15,-3.87,5.09,-0.23
194810,3.38,3.45,4.39,12.79,1.11
194811,-6.24,-2.89,-5.35,-9.13,-2.06
194812,1.23,0.79,4.35,6.24,1.09
194901,3.88,4.81,5.11,-0.29,-1.26
194902,-2.65,0.36,-1.08,0.48,-0.3
194903,4.66,0.94,5.65,4.16,1.36
194904,-1.43,0.22,-0.07,3.18,-1.64
194905,-0.63,2.9,-1.33,-6.91,-2.18
194906,-0.36,-0.06,2.7,-3.18,1.12
194907,5.59,3.1,5.34,12.83,2.41
194908,4.7,3.51,-1.33,14.76,0.98
194909,2.64,2.68,1.63,3.68,1.23
194910,1.88,-1.39,3.27,4.21,1.88
194911,1.82,2.19,4.82,4.72,1.67
194912,5.89,2.45,7.91,14.98,1.59
195001,1.41,-0.85,1.05,1.16,1.86
195002,1.49,1.43,1.78,2.97,0.66
195003,0.11,-0.66,-3.32,0.21,4.57
195004,-0.46,-2.83,6.95,-4.73,2.37
195005,1.71,0.49,2.57,15.12,1.97
195006,-6.97,-4.48,-3.57,-8.62,-4.28
195007,-1.75,-1.89,-7.77,-0.6,-1.33
195008,3.45,0.35,3.92,1.96,2.56
195009,4.04,4.77,5.55,10.55,-0.46
195010,-0.44,0.15,-1.65,-2.54,0.21
195011,0.14,-1.73,3.61,12.1,-0.24
195012,1.93,-1.38,5.56,9.32,1.89
195101,3.12,3.72,2.96,3.97,1.88
195102,1.68,-0.77,2.53,-5.11,4.11
195103,-1.57,-1.58,2.38,-2.8,-1.1
195104,0.32,-0.59,11.04,5.96,0.85
195105,-1.36,-2.09,1.81,-0.16,-0.41
195106,-3.35,-3.68,0.81,1.04,-0.18
195107,3.26,3.07,15.25,8.44,2.8
195108,3,3.45,-2.19,4.71,2.64
195109,0.07,0.26,-1.69,-2.8,-0.04
195110,-2.9,-2.36,-5.46,-9.87,-1.08
195111,-0.02,0.34,0.13,-5.36,0.49
195112,1.86,0.82,5.58,1.43,0.87
195201,1.05,5.21,0.58,1.32,0.18
195202,-0.61,-2.6,-3.55,-10.36,-0.63
195203,0.92,1.86,0.22,2.59,1.26
195204,-1.91,-3.83,-5.16,-8.6,-0.75
195205,2.1,-0.45,2.08,6.74,1.03
195206,2.38,3.72,-1.25,1.66,2.06
195207,1.01,-0.81,-4.46,-3.61,0.25
195208,1.04,1.52,-0.99,3.14,0.89
195209,-1.07,-0.61,-4.38,-1.58,-0.34
195210,-1.27,7.19,-0.99,-5.25,0.92
195211,5.02,8.2,7.54,4.68,4.07
195212,1.52,0.42,-2.31,1.03,0.88
195301,3.09,4.74,-5,-6.01,1.03
195302,1.29,5.15,1.89,3.42,-0.43
195303,-0.93,-4.46,-0.33,1.09,-0.43
195304,-0.28,4.5,-5.4,-4.92,-1.04
195305,0.42,-0.15,-0.14,0.64,0.37
195306,-1.93,1.36,-3.6,-1.22,0.5
195307,2.57,4.68,3.26,6.57,0.94
195308,-2.61,-5.63,-0.27,2.31,-0.84
195309,0.46,3.67,0.65,-1.11,1.77
195310,1.88,-1.95,2.4,4.41,1.39
195311,3.22,-7.87,8.03,7.63,2.26
195312,1.37,-4.57,-1.05,-3.37,0.53
195401,3.7,2.07,5.89,4.01,1.89
195402,-0.04,-3.39,-0.25,0.27,2.58
195403,2.95,0.29,0.55,-1.62,1.72
195404,0.82,4.03,1.86,-3.62,1.96
195405,2.19,-0.47,0.72,8.41,1.23
195406,2.4,-9.27,-3.26,3.46,0.54
195407,5.98,8.07,9.77,-2.49,4.36
195408,-3.03,-1.37,-2.68,-1.67,-1.43
195409,3.42,5.65,2.45,5.71,2.49
195410,-2.56,-2.66,-1.94,0.71,-0.85
195411,6.22,2.98,12.67,11.75,3.43
195412,2.22,7.51,6.7,1.92,1.58
195501,0.86,1.33,-2.69,-4.31,0.8
195502,1.61,-0.88,3.59,-2.8,3.99
195503,-0.2,-0.15,6.69,1.13,-0.19
195504,4.2,8.73,-0.41,4.31,1.97
195505,-0.52,-2.07,2.79,6.6,1.29
195506,2.81,-1.29,-0.51,6.48,0.69
195507,1.27,7.3,0.18,-0.24,2.61
195508,-1.27,1.65,0.75,-5,-2.44
195509,-2.83,3.23,-2.6,-8.37,1.07
195510,-0.01,-0.37,1.27,-3.54,-1.15
195511,3.75,3.79,6.05,8.61,1.63
195512,1,1.71,6.23,6.23,0.86
195601,-2.11,0.21,-5.88,-12.56,1.87
195602,2.23,-3.19,7.96,11.47,0.16
195603,1.88,1.63,7.45,5.26,1.43
195604,-0.05,7.05,3.65,-6.48,-0.88
195605,-2.72,-4.07,-1.5,1.87,-1.06
195606,0.47,0.66,3.38,6.01,1.28
195607,2.6,1.82,3.41,-0.33,2.65
195608,-1.92,-2.11,-2.92,-4.81,-1.39
195609,-3.21,-4.16,-3.64,-4.17,-2.84
195610,-0.27,2.72,0.89,-3.02,-1.4
195611,-0.04,-1.04,-1.74,3.94,1.53
195612,0.9,2.41,6.33,3.02,2.56
195701,1.08,4.59,-2.29,-2.03,2.9
195702,-1.21,-1.14,-0.75,4.31,0.33
195703,1.14,1.1,8.56,4.47,1.51
195704,1.73,0.49,5.76,1.64,0.44
195705,1.08,-0.88,5.14,0.55,1.04
195706,-0.83,-1.56,6.93,0.48,-2.09
195707,2.37,-0.48,2.06,9.93,-0.24
195708,-2.36,2.89,-2.66,-6.93,-0.12
195709,-1.32,5.36,-3.16,-1.47,-2.22
195710,-1.68,0.99,-0.55,-2.42,-2.1
195711,3.62,3.83,8.81,5.61,1.49
195712,2,3.18,-0.61,1.22,1.26
195801,6.68,5.98,-1.1,8.61,4.26
195802,2.66,0.35,5.48,-1.41,0.66
195803,3.83,6.33,8.04,9.77,1.17
195804,2.88,4.54,6.92,1.81,2.7
195805,3.25,0.59,1.73,-2.47,2.11
195806,2.62,3.98,3.95,-2,1.66
195807,1.49,-0.03,5.89,7.36,0.9
195808,1.95,2.29,2.02,1.34,2.41
195809,2.3,8,12.09,5.54,5.04
195810,1.48,1.7,0.68,7.56,1.46
195811,5.15,1.77,8.07,7.42,2.14
195812,3.2,3.77,4.5,6.33,13.28
195901,2.58,8.76,-0.76,1.71,3.91
195902,2.64,0.75,4.25,-2.28,4.85
195903,-0.71,2.35,4.1,6.93,-0.43
195904,1.2,3.95,13.18,-8.94,4.63
195905,4.69,-5.87,-1.24,2.4,-1.04
195906,-0.93,4.59,5.71,24.1,-1.04
195907,3.83,0.75,5.1,-2.15,0.6
195908,-0.1,3.13,-4.03,5.71,0.61
195909,-2.98,-3.02,-4.96,-4.81,-0.96
195910,2.61,6,2.08,6.95,1.3
195911,0.09,2.07,6.05,-1.9,-1.23
195912,3,-2.68,-1.39,-7.06,4.31
196001,-4.16,-1.72,-6.5,-3.88,0.95
196002,3.47,2.56,0.14,3.69,8.36
196003,-1.7,0.17,1.92,-4.21,0.14
196004,1.07,1.54,1.71,0.29,-1.05
196005,7.61,2.71,13.59,16.3,3.32
196006,6.81,4.97,-0.17,0.17,-0.34
196007,-1.72,4.72,-4.18,1.52,0.1
196008,5.71,5.37,2.46,2.59,7.11
196009,-2.74,-1.93,-8.59,-10.6,-5.91
196010,2.21,4.09,-3.99,4.56,0.14
196011,9.91,5.57,3.73,8.72,4.19
196012,4.75,3.7,6.35,4.36,12.45
196101,4.75,8.96,5.35,16.11,7.89
196102,4.59,5.55,4.43,15.16,0.75
196103,4.86,5.8,3.95,2.05,7.43
196104,-1.18,-0.06,0.4,-8.7,0.8
196105,4.71,3.56,2.42,0.41,-1.04
196106,-1.44,4.17,-3.49,-1.92,-3.99
196107,3.09,6.13,3.97,-2.6,6.43
196108,5.89,7.88,3.73,5.66,0.21
196109,0.26,0.1,-0.9,-5.62,-2.72
196110,4.43,7.24,3.6,4.55,0.2
196111,5.54,8.18,2.89,6.7,8.52
196112,-3.99,-5.93,-1.72,-5.64,3.32
196201,-6.56,-4.04,-4.9,-3.17,-6.07
196202,0.13,0.88,3.73,3.95,4.11
196203,1.78,-6.47,0.44,-0.08,-2.94
196204,-4.47,-12.77,-11.42,-10.06,-4.68
196205,-11,-13.9,-10.94,-8.51,-7.13
196206,-8.48,-8.13,-13.64,-2.79,-8.52
196207,7.18,0.96,8.6,-2.51,7.23
196208,0.05,1.65,-8.21,-3.84,1.58
196209,-4.65,-7.56,-4.07,-3.79,-6.05
196210,-2.33,-6.64,2.69,-0.54,2.77
196211,12.16,11.46,18.11,10.53,7.16
196212,2.9,-2.17,1.1,-2.24,1.08
196301,6.52,1.72,5.35,10.35,4.13
196302,-2.61,-3.36,-2.86,1.55,-1.09
196303,1.84,7.74,1.26,0.07,1.94
196304,0.76,6.3,8,2.21,3.73
196305,2.96,-3,-0.6,4.95,-0.64
196306,-0.12,-6.27,-1.18,0.26,-1.94
196307,-0.47,-2.54,0.74,-1.26,-0.25
196308,4.74,7.15,9.63,8.77,4.28
196309,-1.53,-4.23,-4.12,-3.44,2.36
196310,2.7,5.79,2.8,9.56,3.43
196311,-0.4,-5.63,-1.9,0.89,4.14
196312,2.44,5.98,1.99,-2.81,-0.09
196401,0.91,-1.69,3.6,4.64,3.32
196402,1.56,2.64,1.37,4.46,-0.28
196403,1.08,10.37,-1.71,-4.18,-0.9
196404,-1.78,1.83,-1.01,-5.39,0.83
196405,1.73,-0.18,0.5,0.79,-0.39
196406,2.27,-1.54,0.72,-0.91,4.69
196407,0.81,0.41,5.01,2.08,-2.01
196408,-1.12,6.6,-4.52,-0.94,-1.56
196409,2.35,-1.97,2.71,3.09,-1.03
196410,-0.87,-2.06,3.06,0.89,-0.89
196411,0.93,-1.63,1.96,4.34,-2.22
196412,1.06,-4.68,4.32,4.99,3.12
196501,4.15,5.37,7.96,4.6,0.25
196502,0.77,-0.04,2.4,2.67,0.81
196503,-1.21,-0.9,-1.08,0.7,-1.68
196504,2.33,5.61,2.95,3.21,2.33
196505,-0.89,-1.65,-1.38,0.04,2.76
196506,-4.6,-3.4,-5.18,-6.66,-4.17
196507,1.24,1.74,3.47,8.71,-0.37
196508,1.54,9.46,6.1,8.13,1.33
196509,0.26,-2.65,1.52,8.82,1.1
196510,1.03,4.42,3.61,-0.06,-2.27
196511,-0.34,-4.65,3.7,4.6,-4.31
196512,0.05,-1.02,3.91,3.16,-0.84
196601,0.34,2.9,2.42,5.49,-1.3
196602,-0.27,-2.31,-2.12,3.26,0.48
196603,-3.74,-3.38,-1.47,-2.72,-4.84
196604,0.19,-1.07,-0.63,5.09,1.27
196605,-4.04,-3.88,-4.98,-7.49,-2.99
196606,-2.62,-2,0.25,6.82,0.48
196607,-1.54,-0.45,-1.31,-4.51,-1.16
196608,-6.18,-5.45,-8.19,-7.43,-4.6
196609,-1.35,0.38,-0.99,-2.25,-0.56
196610,8.2,6.84,4.92,4.5,9.18
196611,1.27,-3.94,7.02,6.03,-2.83
196612,-1.24,-1.55,-0.59,2.8,2.96
196701,6.26,16.43,5.62,12.26,6.24
196702,0.81,-3.31,0.73,5.86,2.13
196703,3.64,4.91,7.74,8.57,2.97
196704,3.15,3.48,4.12,6.55,0.19
196705,-1.68,-7.56,-5.51,-3.87,-5.67
196706,2.35,6.64,5.84,2.89,2.73
196707,6.83,8.33,4.08,2.11,-6.58
196708,-0.15,-4.88,0.19,3.38,-1.24
196709,2.5,-1.81,2.42,5.65,1.23
196710,-4.24,3.39,-5.77,-0.88,-3.51
196711,-1.47,-5.16,1.15,2.26,0.08
196712,4.39,8.04,0.75,6.2,0.13
196801,-0.44,-0.06,-6.77,-5.65,2.67
196802,-2.7,1.16,-4.05,-5.13,-2.41
196803,-1.12,-1.79,0.08,0.23,-1.12
196804,10.68,5.55,12.7,7.95,2.21
196805,6.27,0.52,2.47,7.85,-0.72
196806,0.96,4.3,2.88,-0.87,4.17
196807,-3.8,-1.38,-4.06,-4.41,-0.2
196808,1.24,-3.19,1.04,-1.14,1.28
196809,5.65,5.71,1.09,-0.45,2.97
196810,1.01,1.56,0.18,-1.21,3.17
196811,5.7,3.04,7.51,11.29,5.4
196812,-1.36,10.3,-1.92,3.61,-6.66
196901,-1,3.64,-0.04,-1.14,1.17
196902,-5.74,-9.5,-5.63,-2.81,-3.33
196903,-0.07,-1.72,2.36,7.99,-0.42
196904,2.4,-1.98,5.04,4.69,7.73
196905,1.51,1.71,1.69,1.67,1.08
196906,-5.74,-5.5,-4.87,-5.82,-4
196907,-6.92,-4.74,-3.37,0.01,-4.5
196908,4.52,3.99,8.22,13.65,1.66
196909,-0.58,4.12,2.08,2.03,-4
196910,7.97,12.42,9.02,8.39,3.5
196911,-0.66,0.61,0.04,1.57,1.18
196912,-1.99,-1.95,3.39,7.77,-5.51
197001,-2.77,-6.99,-6.1,-11.02,-2.57
197002,5.99,0.29,5.76,6.02,7.96
197003,-0.56,1.42,-4.78,-6.38,2.29
197004,-10.54,-2.81,-9.57,-11.44,-8.79
197005,-8.61,3.53,-7.6,-8.12,-3.75
197006,-0.16,6.66,0.41,-4.21,-8.48
197007,5.57,3.5,2.3,1.88,10.26
197008,0.37,0.65,1.66,2.19,2.51
197009,5,0.51,7.72,8.23,-0.95
197010,-0.02,10.35,0.26,1.22,-3.75
197011,5.6,10.05,3.4,1.23,6.12
197012,8.04,2.66,6.23,1.51,6.85
197101,2.12,5.74,3.56,10.94,9.77
197102,2.42,5.07,0.59,3.59,-5.3
197103,2.61,9.6,2.41,8.2,0.71
197104,1.16,1.72,4.15,4.79,0.82
197105,-2.84,-7.71,-2.78,0.62,-5.21
197106,0.7,0.06,1.01,5.75,1.04
197107,-0.29,0.53,-1.8,-3.05,-3.61
197108,-0.15,2.47,4.17,-0.45,-0.32
197109,-0.12,-2.87,0.55,1.05,0.23
197110,-4.11,-8.8,-2.51,-1.91,-1.74
197111,0.96,1.7,0.56,1.31,0.38
197112,7.37,8.54,7.88,7.28,7.36
197201,1.09,5.87,2.5,2.66,0.94
197202,3.49,8.32,7.15,6.73,0.16
197203,-1.06,3.01,-0.52,4.72,-0.32
197204,0.97,6.29,0.76,2.69,-1.05
197205,-0.38,2.79,3.79,2.69,1.19
197206,-1.97,-0.75,2.82,2.13,-2.74
197207,-0.89,-5.25,4.26,-0.63,0.75
197208,1.88,-2.71,0.85,1.33,5.16
197209,-1.52,-7.57,-0.21,-0.51,4.31
197210,2.37,-1.07,1.87,0.63,2.3
197211,8.74,10.15,0.21,-2.4,7.1
197212,1.66,-3.38,3.86,3.49,1.45
197301,-3.31,0.15,0.01,-4.28,-2.12
197302,-3.88,-1.23,0.58,-5.25,-4.62
197303,-2.05,0.52,1.23,-0.19,0.54
197304,-5.16,-8.6,-5.38,-5.58,0.88
197305,-1.23,-1.9,2.2,-3.32,-0.82
197306,-6.39,3.53,0.86,-3.21,-0.32
197307,7.17,5.38,6.36,8.32,-0.32
197308,-1.5,-7.35,-8.27,-0.49,-3.91
197309,7.74,1.54,0.2,2.38,7.65
197310,-2.02,-0.54,2.04,1.47,-5.54
197311,-12,-7.96,-7.63,-7.82,-1.9
197312,-0.47,2.25,-4.99,-2.62,4.55
197401,6.32,3.14,-2.32,-3.52,2
197402,1.47,1.9,-0.47,-4.21,4.75
197403,-1.68,-5.96,0.32,5.17,-4.59
197404,-2.56,-2.79,-1.26,-1.96,-5.31
197405,-4.92,5.42,-0.76,2.79,-1.52
197406,-0.91,-0.47,-1.53,-1.69,0.3
197407,-9.06,-6.7,-14.5,-13.1,-7.63
197408,-10.33,-2.82,-7.06,-11.7,-0.01
197409,-7.14,-11.98,-15.85,-14.66,-3.8
197410,19.07,22.38,31.84,21.1,10.85
197411,-0.67,0.91,-0.56,-4.21,-3.09
197412,1.52,1.9,-2.99,-4.66,1.57
197501,17.44,5.55,-2.3,5.13,11.09
197502,4.25,-3.31,16.26,14.65,5.16
197503,2.68,5.77,1.49,0.25,-0.86
197504,0.37,4.96,0.06,2.55,-0.96
197505,6.03,2,7.01,3.96,3.52
197506,6.73,4.85,0.68,2.1,4.04
197507,-4.07,-6.65,-12.78,-9.06,-4.21
197508,-0.91,-4.58,-3.16,-3.63,-3.56
197509,-1.68,1.55,-6.52,-6.49,-1.26
197510,12.82,6.29,10.6,11.45,6.82
197511,2.31,5.9,5.06,5.31,4.26
197512,-1.5,-0.33,-6.72,-5.07,-0.11
197601,6.26,7.43,7.11,9.51,9.49
197602,-3.16,-1.09,-7.17,-5.16,3.57
197603,-0.17,0.71,7.78,2.79,0.58
197604,0.24,-1.4,-4.92,-1.98,1.72
197605,0.23,-2.35,-3,-2.13,-2.94
197606,6.12,-2.74,4.68,-0.31,3.58
197607,1.43,2.73,-0.98,1.99,1.25
197608,-0.29,3.85,2.46,1.5,4.74
197609,0.3,6.64,3.85,2.41,1.59
197610,-1.65,0.14,-3.46,-4.85,1.29
197611,2.39,2.41,-10.98,-5.62,3.14
197612,4.88,3.98,7.04,2.68,3.44
197701,-4.04,-4.91,-8.68,-10.89,0.11
197702,-1.91,-0.4,0.16,-0.63,0.99
197703,-1.07,-2.77,-2.4,0.6,-1.03
197704,0.99,2.06,-5.35,-5.39,0.66
197705,-0.44,1.3,-2.27,-0.4,1.44
197706,4.62,2.43,8.82,9.07,1.93
197707,1.95,1.87,-2,-3.78,-0.86
197708,-1.04,2.32,3.95,3.99,-2.26
197709,0.45,-1.07,-1.91,1.28,3.48
197710,-5,-2.29,-2.71,2.07,-5.05
197711,3.23,2.68,6.61,3.73,2.18
197712,-0.42,-1.86,-0.1,1.65,2.15
197801,-5.36,-6.2,-0.76,-5.59,-4.16
197802,0.25,0.68,-3.21,-3.17,4.13
197803,1.1,3.98,4.36,2.51,2.62
197804,5.03,8.58,8.69,11.81,2.93
197805,3.75,2.55,5.98,1.58,-0.39
197806,1.7,0.04,0.56,2.99,-1.53
197807,2.28,4.51,9.31,5.69,1.42
197808,3.39,1.34,0.02,3.42,3.55
197809,0.04,2.07,-2.83,-2.75,1.22
197810,-10.02,-8.24,-11.68,-15.09,-4.47
197811,0.37,2.56,4.77,5.88,2.99
197812,0.56,2.49,4.09,-1.25,0.09
197901,4.21,0.54,0.89,4.33,3.66
197902,-4,-3,-3.53,-8.33,-0.63
197903,2.42,5.24,4.9,4.19,0.16
197904,0.14,-0.21,0.36,1.08,-2.15
197905,-1.45,-2.8,-3.37,0.78,0.1
197906,3.39,5.51,4.69,4.48,1.92
197907,0.69,4.79,-0.52,0.85,-0.11
197908,7.76,8.73,8.5,8.14,1.53
197909,-1.1,-4.96,0,-2.6,-2.39
197910,-7.81,-3.77,-3.39,-7.66,-5.05
197911,5.04,6.56,8.23,8.45,4.02
197912,2.28,3.07,1.03,4.41,-1.53
198001,3.65,-0.63,-2.42,0.68,-2.06
198002,-5.19,-4.8,-4.01,-7.54,-1.48
198003,-9.98,-0.72,-2.81,-2.23,-2.62
198004,8.92,9.56,2.97,7.02,7.32
198005,8.74,8.96,7.44,6.28,5
198006,3.02,5.66,-0.3,0,-0.58
198007,3.23,7.33,7.59,8.91,1
198008,0.26,-0.76,-0.57,2.14,6.3
198009,0.37,-1.56,3.22,4.18,-1.61
198010,-0.89,3.88,-2.84,3.45,-3.25
198011,-1.38,2.44,8.35,9.52,0
198012,2.07,0.81,5.55,2.04,0.83
198101,1.53,-1.07,-1.39,-3.32,5.54
198102,1.24,3.26,1.93,3.75,2.15
198103,8.16,5.43,5.19,3.88,1.17
198104,0.42,1,3.08,2.18,6.21
198105,1.42,1.89,1.8,5.05,7.14
198106,-0.72,1.33,-4.56,-7.24,-1.92
198107,-0.68,2.22,-4.18,-3.43,0.37
198108,-5.38,-5.68,-5.56,-10.8,-0.81
198109,-3.28,0.24,-2.18,1.7,2.84
198110,8.14,5.87,6.55,9.48,6.02
198111,1.98,3.74,4.29,6.94,2.7
198112,1.54,-5.92,0.05,-1.09,-1.45
198201,0.75,0.69,1.91,1.91,0.68
198202,1.85,-3.67,-1.43,-1.6,-5.68
198203,2.11,3.64,-2.88,-1.39,2.05
198204,6.33,7.14,6.77,8.21,-0.18
198205,-2.76,-4.65,-2.91,-1.82,-1.02
198206,1.9,2.7,-1.57,1.68,-2.45
198207,-0.36,-5.5,0.28,-0.96,1.2
198208,7.18,13.48,11,13.81,10.84
198209,2.31,4.39,2.13,-1.9,0.99
198210,8.9,12.16,7.16,6.97,8.12
198211,3.79,-2.04,3.21,7.71,5.95
198212,1.79,-0.41,-0.54,2.06,-1.23
198301,0.07,-1.41,2.54,0.8,12.44
198302,0.98,2.01,2.07,2.29,-0.36
198303,5.23,5.71,3.02,3.05,0.64
198304,6.13,4.54,5.34,4.49,5.14
198305,0.3,-4.93,-3.55,-2.32,-1.31
198306,2.1,-0.41,7.63,6.18,0.17
198307,-2.12,1.16,-3.54,-9.82,-5.17
198308,1.09,5.67,0.78,-3.56,2.2
198309,6.57,8.52,1.93,1.88,2.26
198310,4.16,2.66,0.68,-4.85,-5.2
198311,2.07,0.79,-3.07,-2.65,3.17
198312,0.32,3.39,-4.63,-3.63,-1.54
198401,2.82,4.89,0.29,-5.62,4.09
198402,-5.36,-7.66,-0.32,-6.47,-3.68
198403,0.24,-1.79,-0.58,-2.83,-4.24
198404,0.13,-1.39,1.4,3.25,2.18
198405,-2.68,-0.76,-4.99,-13.58,-3.5
198406,7.32,6.72,5.21,-0.61,12.28
198407,-2.58,0.41,-5.27,-2.42,2.81
198408,9.03,9.77,7.88,14.52,6.72
198409,3.05,3.96,-3.25,-4.96,2.9
198410,1.31,3.18,3.02,-1.41,-0.81
198411,0.55,1.62,0.68,2.7,-0.24
198412,2.87,1.7,3.6,0.71,5.1
198501,1.78,2.26,5.74,10.49,5.85
198502,5.74,9.81,3.35,4.28,2.69
198503,5.62,3.12,4.12,2.23,5.47
198504,-2.28,-8.13,-1.07,-1.85,0.9
198505,15.38,0.08,10.23,6.26,6.63
198506,3.3,2.72,1.09,2.7,4.09
198507,-4.57,-5.22,-0.42,2.32,-4.55
198508,3.79,-2.26,0.24,1.33,0.54
198509,7.46,-5.94,-1.94,-3.82,-4.18
198510,4.06,-1.39,4.57,5.53,4.08
198511,9.39,10.03,11.36,8.84,7.42
198512,2.02,9.83,2.63,5.05,6.15
198601,2.34,5.55,1.68,3.34,-3.97
198602,7.94,12.21,8.23,-0.96,7.4
198603,7.82,11.52,13.06,12.16,3.85
198604,-0.59,3.65,-0.48,7.95,2.44
198605,8.5,10.16,8.75,4.37,4.85
198606,7.06,9.45,7.58,4.24,5.38
198607,-3.7,-2.7,-4.54,-7.45,-3
198608,3.51,4.47,3.49,7.16,6.83
198609,-11.85,-11.19,-13.86,-10.54,-9.42
198610,12.87,10.78,8.71,7.24,4.63
198611,0.52,-0.09,2.87,-1.55,3.98
198612,-4.15,-2.43,0.27,-2.86,-3.7
198701,11.64,21.36,13.83,13.67,5.3
198702,4.18,-2.84,11.21,12.79,0.03
198703,2.3,0.75,-0.58,-0.01,1.4
198704,-5.45,-2.93,-1.89,-2.72,-2.45
198705,3.86,1.22,1.33,-0.36,3.34
198706,7.72,5.76,4.48,5.46,7.04
198707,1.94,9.28,6.66,2.07,5.84
198708,2.31,18.63,2.37,5.19,5.15
198709,-3.71,0.32,-2.15,-4.54,3.3
198710,-17.76,-21.79,-19.1,-20.41,-12.26
198711,-8.1,-8.25,-10.07,-6.97,-8.89
198712,7.64,4.34,5.21,6.39,3.92
198801,4.11,2.97,6.9,5.57,9.98
198802,5.44,6.13,3.85,6.87,1.24
198803,-0.98,-3.43,-3.96,-2.14,-3.97
198804,0.85,-0.06,-2.04,-3.3,0.72
198805,0.44,-3.84,-0.67,1.33,2.34
198806,-0.78,1.96,2.1,3.71,2.89
198807,3.42,6.56,1.16,-0.12,0.16
198808,0.97,-0.15,-0.92,0.94,-2.9
198809,5.59,8.26,3.75,-0.05,7.06
198810,19.34,0.39,1.59,-2.59,2.96
198811,-0.67,1.76,-1.56,-4.85,0.05
198812,2.66,8.41,1.55,3.26,1.25
198901,5.37,5.13,6.83,5.07,8.34
198902,-2.45,-0.7,-1.59,-2.09,-1.37
198903,4.4,10.21,5.01,2.86,5.21
198904,5.46,4.98,5.09,6.96,9.68
198905,4.98,7.48,3.19,5.89,5.88
198906,2.66,0.26,-2.84,-4.53,0.19
198907,12.79,14.32,14.86,8.92,9.09
198908,-4.45,2.6,-0.09,2.88,0.8
198909,-0.96,0.83,2.85,1.01,4.03
198910,-2.59,1.97,0.78,-2.48,-1.96
198911,3.65,-0.28,4.64,5.66,2.11
198912,3.64,-0.48,0.54,1.48,5.84
199001,-10.22,-8.65,-6.2,-9.6,-13.03
199002,-0.96,-2.56,-2.61,1.68,-0.26
199003,5.34,6.81,3.72,3.22,4.25
199004,-0.03,4.77,0.9,-2.73,-3.27
199005,9.2,1.12,12.48,13.83,9.2
199006,2.81,9.12,4.33,4.38,-4.73
199007,0.37,5.64,3.15,-0.06,-4.41
199008,-7.02,-3.08,-6.64,-7.24,-10.43
199009,-1.06,0.94,-4.45,-2.45,1.81
199010,3.25,6.43,1.7,0.91,3.01
199011,5.24,7.9,9.24,12.48,2.11
199012,4.87,5.36,2.68,3.7,1.5
199101,3.07,2.68,3.46,9.31,0.02
199102,12.05,7.68,10.09,9.73,3.25
199103,6.14,1.37,4.41,9,2.14
199104,-0.9,-3.48,-0.92,-2.25,1.13
199105,2.64,3.94,4.5,5.36,-1.47
199106,-4.12,-6.37,-3.87,-4.73,-1.5
199107,5.73,7.43,8.42,8.09,3.11
199108,6.49,6.94,3.16,3.61,0.67
199109,-3.3,-2.07,-0.23,0.01,0.37
199110,-1.21,-5.74,6.92,9.01,1.9
199111,0.02,-3.32,-2.27,-1.95,-4.75
199112,15.44,14.9,16.41,16.32,9.92
199201,-5.66,-4.93,-6.21,-2.87,-2.87
199202,-0.77,0.24,-2.1,-5.39,-1.45
199203,-2.91,-3.83,-5.63,-4.59,-0.83
199204,-1.28,7.86,-1.67,-4.52,7.04
199205,0.79,0.14,1.2,3.09,-2.46
199206,0.01,-9.28,-4.71,-4.57,1.32
199207,5.65,4.61,6.05,3.96,5.44
199208,2.1,-0.21,-3.55,-2.88,-0.97
199209,2.83,1.37,-5.14,-2.54,1.91
199210,-2.68,-4.21,3.04,4.18,-0.54
199211,3.59,1.98,4.33,4.35,3.88
199212,-1.22,-2.84,-2.06,2.28,5.65
199301,-3.27,-5.75,-8.09,-3.09,1.33
199302,-2.32,-3.17,-7.65,-12.21,5.71
199303,-2.59,-0.91,0.55,-1.01,3.27
199304,-12.47,-15.86,3.39,-9.71,-2.87
199305,2.53,4.76,2.38,6.95,4.16
199306,-1.8,-0.27,-3.78,-1.07,4.64
199307,-5.17,-4.65,-7.39,-4.6,2.14
199308,5.34,-1.3,4.67,-0.32,5.24
199309,-2.18,-3.86,0.58,-1.64,-0.49
199310,9.29,9.84,5.5,5.82,2.41
199311,0.9,5.9,1.62,-1.45,-5.95
199312,-0.74,-0.94,1.07,2.14,-0.53
199401,1.54,10.21,-0.17,6.36,2.16
199402,-2.62,-7.15,-6.45,-6.49,-5.5
199403,-3.75,-11.05,-7.1,-6.61,-3.61
199404,1.03,11.26,3.48,-2.05,1.57
199405,-0.7,-6.82,4.61,3.77,1.63
199406,1.29,3.11,-3,-3.22,0.62
199407,2.58,5.53,0.44,2.14,3.1
199408,8.23,9.78,11.27,11.26,1.08
199409,0.42,-2.81,1.54,2.26,-1.23
199410,2.33,-2.41,1.83,-1.79,-0.12
199411,-2.02,-2.01,1.53,0.97,-5.44
199412,1.59,-2.04,0.31,3.36,0.88
199501,2.01,4.59,6.43,5.75,4.16
199502,1.43,-1.25,2.18,2.33,1.51
199503,3.62,5.91,1.78,6.25,0.25
199504,3.95,-4.33,3.82,3.42,1.62
199505,3.49,3.91,2.78,0.71,0.93
199506,2.59,-0.92,4.49,6.65,3.89
199507,-1,-3.6,4.49,6.7,5.04
199508,1.14,4.5,0.7,3.92,4.4
199509,8.25,2.97,7.99,8.27,5.77
199510,0.1,2.84,2.26,-1.65,0.15
199511,3.83,3.06,5.13,3.43,2.8
199512,3.22,4.96,6.61,4.74,4.13
199601,3.7,1.8,6.01,5.23,2.31
199602,1.34,3.27,-1.53,-0.87,-2.5
199603,-4.16,-7.72,-0.03,0.22,-2.01
199604,-0.44,-1.58,-0.61,-1.6,2.86
199605,5.81,5.46,4.51,2.63,-0.02
199606,2.32,3.68,0.58,-3.38,0.55
199607,-2.19,0.18,-5.07,-9.46,-8.49
199608,-1.13,-13.16,3.69,5.38,-1.33
199609,9.69,1.39,7.44,10.03,1.77
199610,1.91,3.28,0.86,-5.25,-0.46
199611,6.3,10.76,7.54,2.24,5.49
199612,-2.84,9.26,-3.95,1.64,2.9
199701,2.65,4.59,11.39,4.45,2.33
199702,2.64,12.45,1.13,-1.25,2.57
199703,-0.8,-13.54,-7.06,-7.54,-7.85
199704,3.67,3.21,7.25,2.07,2.57
199705,2.2,10,6.38,9.27,6.56
199706,6.85,2.65,9.51,5.89,3.46
199707,4.87,1.58,2.08,6.48,2.46
199708,-4.71,-3.07,-7.34,-1.5,-2.74
199709,6.89,-3.16,7.68,3.37,9.7
199710,-1.52,-4.32,1.59,-6.89,2.89
199711,7.4,9.2,2.88,3.95,10.69
199712,2.51,5.54,3.99,2.29,4.22
199801,-2.62,-7.59,7.65,3.29,5.04
199802,3.19,4.62,4.81,7.09,2.41
199803,4.4,-3.25,3.65,2.13,10.11
199804,-4.72,-10.95,2.13,0.63,-3.2
199805,0.71,0.63,-2.28,-1.81,-1.79
199806,-0.23,5.81,7.31,4.73,3.02
199807,-7.1,10.55,0.18,1.3,3.93
199808,-8.28,-5.15,-10.94,-16.16,-11.8
199809,5.54,12.45,13.63,7.98,10.16
199810,8.54,10.79,3.63,5.98,6.86
199811,4.17,9.2,6.18,5.87,3.61
199812,-1.44,-3.17,4.61,9.53,14.35
199901,-4.21,-12.25,0.95,1.58,8.95
199902,-3.19,-16,1.31,-4.7,-2.89
199903,-4.98,-9,2.29,5.92,-0.96
199904,0.8,0.09,-7.23,0.58,7.74
199905,3.93,10,-2.36,-1.35,1.03
199906,1.57,4.86,4.89,4.59,5.82
199907,-4.14,-6.91,-4.91,0.29,-1.89
199908,-1.52,0.56,4.72,-0.66,-7.97
199909,-3.49,-6.92,-6.78,-8.65,4.08
199910,9.55,-24.96,13.03,-3.61,8.77
199911,-6.41,3.5,0.59,6.73,4.43
199912,-5.86,-10.19,-6.65,-1.03,2.93
200001,-10.42,-8.77,7.73,8.81,-3.54
200002,-7.16,-4,-3.39,6.57,-4.1
200003,10.37,5.15,-0.56,0.72,7.67
200004,-5.08,3.83,5.76,1.07,-7.62
200005,17.38,19.52,5.14,-1,-10.76
200006,1.77,2.98,13.18,0.79,4.04
200007,-1.76,-4.48,-8.08,1.18,-7.46
200008,-2.98,19.12,2.86,6.8,-1.39
200009,6.03,0.88,4.14,-1.55,-3.35
200010,6.57,22.87,2.31,-1.22,-0.24
200011,3.7,4.14,0.68,-0.47,-15.46
200012,6.28,17.02,2.82,5.44,-4.57
200101,-5.2,0.09,-8.75,-4.33,14.38
200102,1.05,9.48,-0.99,-0.09,-9.85
200103,-3.08,-0.11,-9.06,-6.06,-5.79
200104,-2.01,5.59,4.8,0.08,2.7
200105,2.81,2.27,2.88,2.64,-1.38
200106,-0.41,-0.57,-4.92,2.65,-3.11
200107,4.24,-9.19,2.41,1.48,-0.56
200108,2.95,4.67,-3.39,-1.47,-9.3
200109,-0.46,2.92,-0.43,-1.48,-1.97
200110,1.58,-2.82,2.22,-1.29,-9.67
200111,1.11,1.19,4.76,8.81,5.8
200112,2.16,-1.72,-4.12,4.65,2.54
200201,2.1,8.44,-2.78,-1.46,-6.94
200202,0.88,5.04,0.52,-4.81,-2.21
200203,1.19,1.59,-0.79,3.89,0.12
200204,0.95,3.29,-9.46,-2.93,-12.96
200205,1.33,4.52,-2.89,0.66,3.2
200206,-2.8,-22.05,-10.29,-8.81,-14.02
200207,-8.77,4.05,-1.42,-5.58,-11.79
200208,-1.81,8.93,0.99,1.17,0.14
200209,-4.12,-21.26,-7.28,-2.23,-9.63
200210,8.04,4.91,8.37,2.55,22.11
200211,0.17,-6.58,4.85,4.49,11.76
200212,0.56,8.97,-4.9,-0.25,-9.44
200301,-4.22,-6.25,-0.67,-0.72,-4
200302,-4.72,1.24,-2.65,2.56,-6.61
200303,0.94,-19.67,4.88,-1.36,-0.66
200304,4.06,2.74,5.11,5.31,11.5
200305,5.53,32.46,3.14,6.19,6.29
200306,0.92,10.9,4.92,3.02,1.91
200307,0.19,-11.3,-1.01,5.49,-1.93
200308,-0.53,2.53,-3.69,-0.64,1.16
200309,2.13,8.1,0.46,-0.03,-5.64
200310,3.86,6.13,0.01,3.51,6.81
200311,2.27,11.59,1.08,3.5,-0.68
200312,1.28,5.67,6.23,4.56,7.64
200401,1.04,2.05,2.3,6.36,1.4
200402,6.37,3.82,1.46,-0.26,-0.49
200403,1.4,-4.03,-5.04,0.97,-2.06
200404,3.05,1.9,3.85,2.74,-0.48
200405,-1.72,-12.61,-0.41,-0.23,-2.95
200406,2.11,6.02,-1.62,3.12,0.82
200407,-3.93,-3.76,-5.66,-6.95,-1.02
200408,-0.12,3.19,2.38,-0.98,1.17
200409,-0.67,-2.48,-3.34,6.22,1.41
200410,3.42,2.84,-2.58,-2.55,3.46
200411,3.6,17.41,-0.1,1.3,3.61
200412,5.44,7.48,6,4.78,4.29
200501,0.39,4.36,-5.6,-0.09,-4.21
200502,-1.03,3.12,2.55,1.35,-0.3
200503,-1.36,0.31,0.03,-4.9,-0.18
200504,-0.07,-1.34,4.5,3.03,-2
200505,1.94,3.18,1.69,0.46,1.54
200506,-2.45,-2.34,-0.74,-1.58,0.14
200507,2.14,3.58,3.87,6.38,3.09
200508,-1.87,4.54,-0.51,0.41,-1.25
200509,2.01,4.74,-1.43,-4.12,-1.47
200510,-3.01,1.7,-3.58,-1.5,-2.98
200511,-0.65,-2.62,1.03,2.33,2.63
200512,0.05,4.2,3.09,1.16,-1.66
200601,1.54,-2.45,2.08,3.05,3.82
200602,1.62,-0.11,1.88,-1.99,3.33
200603,2.63,0.12,-0.89,-1.13,1.82
200604,2.29,3.33,-2.29,-0.8,1.68
200605,3.6,-0.95,-1.88,-4.37,-0.22
200606,-0.69,2.95,0.8,-4.32,2.96
200607,1.48,9.04,4.31,4.5,2.42
200608,2.2,4.31,2.31,1.16,2.28
200609,0.51,-6.39,2.33,-0.69,3.66
200610,1.94,5.43,1.78,3.86,5.19
200611,0.17,3.41,-0.56,1.96,0.63
200612,0.42,3.01,-0.62,2.69,4.33
200701,0.53,1.29,3.2,5.6,3
200702,0.21,-3.51,-3.26,-2.88,-2.77
200703,2.76,4.88,-0.39,0.46,2.32
200704,3.22,2.78,7.76,3.91,1.74
200705,0.38,2.62,1.07,1.09,7.31
200706,-1.07,-0.06,-4.04,-1.43,-1.8
200707,-4.77,-5.09,-4.37,-1.92,-3.1
200708,1.79,4.21,2.38,2.47,-0.86
200709,2.11,0.88,3.22,4.91,2.05
200710,-1.92,4.57,2.56,-1.76,-2.17
200711,1.48,6.64,0.21,-0.73,-6.43
200712,-0.07,-2.08,-5.26,0.77,-0.25
200801,-7.81,-0.45,-4.74,-3.44,-7.75
200802,3.04,-2.69,-1.13,0.58,-3.88
200803,2.23,-0.12,-1.8,-0.95,-0.05
200804,3.71,-9.48,-0.24,1.66,4.69
200805,0.8,10.07,2.14,0.04,4.73
200806,-9.7,-6.69,-3.09,-1.45,-10.89
200807,6.14,3.59,7.53,3.83,-3.18
200808,-0.49,3.33,1.25,3.48,4
200809,-1.51,-5.98,-5.7,-7.07,-12.61
200810,-9.48,-6.55,-8.8,-19.39,-15.56
200811,-7.42,-7.33,-4.88,-18.9,-1.58
200812,2.59,1.33,6.79,6.18,3.46
200901,-0.29,-7.11,-2.93,2.73,-10.28
200902,-11.04,-8.55,-9.51,-12.56,-6.94
200903,0.96,7.38,7.8,4.54,7.51
200904,3.43,2.22,-3.07,6.54,9.66
200905,7.69,12.62,6.49,5.42,1.05
200906,2.63,1.19,3.37,4.67,1.65
200907,7.15,7.46,6.03,2.33,5.52
200908,-0.05,0.33,1.58,5.3,0.73
200909,2.12,4.56,2.36,2.18,6.48
200910,1.1,-0.28,-3.41,-5.43,-3.48
200911,2,2.17,8.16,9.98,6.52
200912,3.06,3.28,1.87,3.7,6.42
201001,0.47,-3.32,0.33,-0.34,-6.72
201002,3.02,4.39,-0.15,2.18,2.76
201003,4.22,6.11,3.19,4.45,7.63
201004,0.08,-2.46,-3.13,0.36,3.41
201005,-3.9,-7.66,-8.29,-8.47,-5.86
201006,-1.3,3.3,-0.75,-3.47,-3.84
201007,2.95,10.74,3.1,0.32,9.53
201008,1.09,0.02,-0.03,-8.15,-1.99
201009,2.43,9.74,8.23,11.76,7.87
201010,3.83,5.35,2.27,0.25,4.57
201011,-2.72,-3.9,-4.31,-0.23,-1.89
201012,4.6,4.23,4.31,9.43,6.58
201101,-1.96,-3.3,-1.62,2.47,0.07
201102,6.57,8.65,2.76,4.55,7.4
201103,1.55,6.34,2.62,0.56,1.68
201104,5.75,5.37,7.09,5.03,3.3
201105,2.31,4.52,2.56,-0.18,0.77
201106,-1.11,-5.6,-1.47,-3.3,-1.39
201107,-0.21,2.84,-3.02,-4.37,-4.95
201108,-1.43,0.34,-1.9,-4.83,-5.06
201109,-3.71,-4.9,-2.75,-7.74,-5.77
201110,3.68,7.59,4.97,6.28,7.59
201111,0.54,7.16,1.65,-0.56,0.3
201112,1.05,3.61,4.2,1.9,3.13
201201,0.79,-4.66,2.65,6.7,2.37
201202,2.07,10.53,0.95,0.94,4.85
201203,1.51,4.92,4.31,3.56,2.31
201204,1.03,1.83,0.78,0.23,1.75
201205,-3.29,-3.61,-2.57,-5.48,-0.81
201206,1.33,5.93,6.49,5.93,7.05
201207,-2.72,3.94,3.23,-4.16,4.14
201208,4.4,-2.94,0.11,3.54,0.97
201209,1.13,-0.03,4.21,5.88,4.86
201210,-0.59,-2.52,-1.32,-3.72,-2.4
201211,3.88,3.27,1.46,0.86,0.07
201212,-0.7,-5.58,-0.96,0.36,1.15
201301,7.49,5.61,7.57,10.07,4.85
201302,4.84,2.2,1.88,-1.23,2.29
201303,7.98,2.72,7.2,3.25,5.64
201304,1.75,4.4,3.63,-1.8,4.3
201305,-2.03,-2.97,0.8,5.2,-1.8
201306,0.85,-2.26,-1.67,0.2,2.09
201307,5.43,1.76,8.94,5.7,3.42
201308,-3.63,-4.85,-3.64,-3.75,-3.29
201309,-0.23,4.27,4.12,3.73,4.28
201310,5.23,5.36,3.17,5.69,5.81
201311,-0.04,-2.42,5.1,1.97,0.09
201312,2.9,2.98,0.66,1.14,3.97
201401,-3.64,-8.33,2.06,0.92,-3.8
201402,4.94,3.35,7.17,3.6,2.56
201403,3.18,4.08,-3.5,1.42,0.17
201404,0.2,5.69,0.39,-4.7,0.39
201405,5.11,3.99,1.37,4.27,4.1
201406,0.1,-1.16,2.83,3.17,1.54
201407,-4.75,-3.26,-0.54,-1.36,0.79
201408,6.2,4.64,6.23,1.93,0.32
201409,-2.09,2.02,0.56,-3.4,-1.44
201410,2.75,5.85,5.24,10.6,1.31
201411,4.82,0.99,2.36,5.02,2.46
201412,-1.37,-2.89,-1.29,0.28,-2.04
201501,-2.09,3.07,2.17,-0.02,-4.47
201502,3.69,5.46,3.95,5.81,8.91
201503,2.55,-8.47,0.37,1.29,-2.11
201504,-0.11,6.01,-1.17,-2.73,3.6
201505,2.68,1.45,5.39,2.27,0.33
201506,-0.75,-2.57,-0.14,-0.15,-0.52
201507,3.69,9.74,3.48,4.53,1.55
201508,-4.04,-4.01,-9.1,-4.53,-8.38
201509,-1.75,2.5,-6.94,-5.49,-2.5
201510,5.74,10.85,8.77,5.28,9.05
201511,-1.44,-3.03,0.24,2.56,-2.03
201512,2.92,1.57,0.59,-0.36,-2.97
201601,-1.08,4.41,-11.29,-5.03,0.34
201602,2.1,0.95,-1.19,1.09,0.96
201603,3.78,4.92,3.22,6.27,6.15
201604,1.22,-0.28,4.59,6.54,0.66
201605,1.23,0.82,2.73,2.07,0.28
201606,7.52,6.96,-0.91,4.15,3.56
201607,0.12,-2.77,6.67,5.05,2.25
201608,-0.12,-1.2,-3.46,0.05,-3.17
201609,-3.14,-2.76,0.3,1.38,0.46
201610,-0.14,4.61,-7.48,-8,-3.03
201611,-5.57,-5.12,3.2,-1.02,6.56
201612,5.44,5.42,0.27,2.99,4.88
201701,1,5.65,1.21,5.56,3.35
201702,1.75,7.98,7.51,4.32,-0.02
201703,-0.84,1.06,-0.35,2.43,0.92
201704,0.6,-0.09,0.29,5.06,0.17
201705,-0.09,6.18,-0.62,2.12,-1.4
201706,-4.35,-0.94,5.81,3.69,-2.46
201707,1.36,-5.97,1.34,-0.15,5.29
201708,-4.87,-0.87,3.41,0.14,-2.48
201709,0.63,-2.04,2.5,1.25,-1.5
201710,0.21,-2.82,-3.39,3.96,-5.55
201711,6.32,1.41,1.95,4.56,4.07
201712,-0.16,4.96,0.44,-4.05,4.49
201801,0.39,0.13,5.54,10.06,3.14
201802,-6.78,-6.61,-3.75,-2.72,-7.06
201803,-2.28,-1.65,-3.04,0.28,-2.54
201804,-3.44,-14.17,-0.71,2.98,-2.3
201805,-0.83,-1.87,1.24,5.74,-0.82
201806,6.12,3.07,1.2,2.6,6.43
201807,0.31,5.24,6.69,2.27,2.71
201808,1.05,-5.44,4.03,6.14,2.89
201809,-2.23,5.38,1.84,3.86,1.79
201810,0.87,7.9,-8.08,-12.37,-0.4
201811,0.25,-8.41,7.05,4.61,2.51
201812,-11.12,-15.82,-7.7,-8.47,-8.7
201901,8.51,7.87,4.01,9.43,5.46
201902,-3.55,10.21,3.31,3.79,3.22
201903,5.54,6.44,0.39,2.09,0.45
201904,2.56,-3.55,-3.24,-3.77,6
201905,-5.46,-10.29,-3.42,-2.94,-3
201906,4.84,1.04,5.88,9.76,5.15
201907,2.49,3.38,-3.37,1.2,2.05
201908,-0.07,-11.05,-0.37,-0.42,0.29
201909,1.62,1.95,-0.96,-1.54,1.26
201910,-2.08,8.1,5.27,3.02,2.17
201911,3.43,5.52,5.67,4.66,2.48
201912,3.06,3.22,4.08,1.24,1.04
202001,-1.38,-3.66,-2.46,-0.96,-2.11
202002,-9.3,-6.71,-4.77,-7.65,-6.21
202003,-4.24,-6.76,-2.39,-11.44,-13.3
202004,8.6,1.98,13.24,13.86,9.51
202005,3.67,-1.21,3.87,5.24,4.81
202006,-0.29,-0.72,-1.32,-1.58,-2.62
202007,5.98,7.78,1.4,11.01,5.05
202008,3.45,4.77,2.05,3.49,5.6
202009,-3.97,-6.55,-1.53,-1.43,-1.97
202010,-3.15,-5.69,-5.3,-2.91,-3.87
202011,7.25,8.05,10.37,7.59,14.48
202012,1.94,8.67,3.86,6.33,5.15
202101,-1.32,-2.28,3.96,1.45,-3.53
202102,-0.05,5.73,-2.09,1.15,4.26
202103,8.01,11.71,-0.15,-0.56,1.64
202104,2.7,1.43,1.64,6.09,3.06
202105,3.9,2.04,0.89,-3.12,-0.52
202106,-3.1,2,4.95,3.84,-0.01
202107,-2.43,0.96,2.14,5.02,0.35
202108,-0.56,3.47,3.66,2.46,1.36
202109,-2.2,-7.05,-6.39,-4.44,-5.59
202110,2.28,-1.37,1.86,3.64,-4.23
202111,-3.44,-7.02,-2.11,-7.64,-7.18
202112,9.6,12.42,5.27,9.21,3.96
202201,1.26,7.88,-7.34,-10.86,-1.9
202202,0.9,-0.8,-2.48,1.56,0.29
202203,1.2,-2.26,7.1,0.86,-2.44
202204,2.53,6.37,-4.27,-11.58,-10.61
202205,-3.22,2.68,2.08,-1.82,8.65
202206,-2.01,-11.62,0.87,-8.11,-6.64
202207,3.64,0.55,0.51,6.3,-0.04
202208,-0.3,-0.13,-5.38,-4.68,-2.86
202209,-7.73,-10.56,-0.15,-6.03,-13.83
202210,11.26,12.07,9.44,8.34,10.57
202211,2.96,5.59,5.26,5.99,2.15
202212,-2.38,1.87,-2,0.05,-6.81
202301,-2.19,1.46,-2.3,1.32,13.53
202302,-1.23,-3.38,-4.86,-2.89,-6.51
202303,3.45,0.11,2.25,4.74,-0.12
202304,2.93,4.1,3.07,7.37,1
202305,-5,-8.73,-2.47,-6.09,-9.42
202306,-0.74,7.77,2.88,8.58,4.63
202307,2.1,1.49,0.66,-2.15,0.97
202308,-5.31,-3.28,2.7,-7.02,0.16
202309,-4.28,-2.43,-3.92,-6.91,-3.21
202310,-4.98,-4,-4.04,-6.36,-0.18
202311,4.26,4.76,4.55,10.04,6.97
202312,4.33,0.91,6.44,7.38,2.25
202401,-1.54,-2.51,3.75,4.1,4.54
202402,-0.92,0,5.47,2.77,-2.72
202403,3.9,5.16,1.28,3.74,3.08
202404,0.65,2.46,-5.72,-5.66,-6.51
202405,-1.44,6.42,4.27,0.58,3.74
202406,-3.68,1.03,3.93,1.56,-0.6
202407,4.06,11.69,1.23,-2.55,3.84
202408,5.09,7.96,6.28,7.56,1.21
202409,0.95,-1.31,-3.1,0.83,5.63
202410,-4.28,8.46,-3.27,-1.11,2.36
202411,0.63,2.15,-2.92,5.8,9.18
202412,-5.7,-8.25,-5.02,-4.52,-7.96
